month,region,model_code,units_forecast,avg_price_assumption,apr_assumption,actual_units,actual_avg_price,unit_variance,avg_price_variance
2025-01-01,EAST,MODEL_1,19,40984.07,4.556,20,45040.028000000006,1,4055.958000000006
2025-01-01,MIDWEST,MODEL_3,65,58429.89,4.165,16,45157.466875,-49,-13272.423125000001
2025-01-01,MIDWEST,MODEL_4,34,37036.96,5.687,19,43267.124210526315,-15,6230.164210526316
2025-01-01,MIDWEST,MODEL_5,46,48822.19,5.808,26,41880.46769230769,-20,-6941.722307692311
2025-01-01,MIDWEST,MODEL_6,56,46045.23,6.839,20,44444.7105,-36,-1600.5195000000022
2025-01-01,MIDWEST,MODEL_7,37,50519.49,4.034,13,44332.40846153846,-24,-6187.081538461534
2025-01-01,MIDWEST,MODEL_8,70,46241.28,6.601,13,42995.28769230769,-57,-3245.992307692308
2025-01-01,MIDWEST,MODEL_9,28,46840.92,4.103,20,45170.754,-8,-1670.1659999999974
2025-01-01,WEST,MODEL_1,15,46286.99,5.641,20,45040.028000000006,5,-1246.9619999999923
2025-01-01,WEST,MODEL_2,50,41897.81,6.553,17,45920.909999999996,-33,4023.0999999999985
2025-01-01,WEST,MODEL_3,40,38227.59,5.775,16,45157.466875,-24,6929.876875000002
2025-01-01,WEST,MODEL_4,67,44455.75,5.183,19,43267.124210526315,-48,-1188.6257894736846
2025-01-01,WEST,MODEL_5,26,46676.88,5.567,26,41880.46769230769,0,-4796.412307692306
2025-01-01,WEST,MODEL_6,64,37730.13,6.911,20,44444.7105,-44,6714.580500000004
2025-01-01,WEST,MODEL_7,18,42245.63,5.921,13,44332.40846153846,-5,2086.778461538466
2025-01-01,WEST,MODEL_8,60,56168.7,4.82,13,42995.28769230769,-47,-13173.412307692306
2025-01-01,WEST,MODEL_9,61,33924.8,4.97,20,45170.754,-41,11245.953999999998
2025-01-01,WEST,MODEL_10,22,42975.0,5.096,19,47727.911578947365,-3,4752.911578947365
2025-01-01,MIDWEST,MODEL_2,52,51443.95,5.059,17,45920.909999999996,-35,-5523.040000000001
2025-01-01,MIDWEST,MODEL_1,27,45046.54,5.921,20,45040.028000000006,-7,-6.511999999995169
2025-01-01,MIDWEST,MODEL_10,43,37539.05,5.661,19,47727.911578947365,-24,10188.861578947362
2025-01-01,SOUTH,MODEL_9,20,48820.61,5.017,20,45170.754,0,-3649.8559999999998
2025-01-01,SOUTH,MODEL_10,37,49025.39,6.026,19,47727.911578947365,-18,-1297.478421052634
2025-01-01,EAST,MODEL_2,70,41146.57,5.06,17,45920.909999999996,-53,4774.3399999999965
2025-01-01,EAST,MODEL_3,60,40192.17,6.809,16,45157.466875,-44,4965.296875
2025-01-01,EAST,MODEL_4,77,44552.23,5.573,19,43267.124210526315,-58,-1285.1057894736878
2025-01-01,EAST,MODEL_5,72,37279.68,5.899,26,41880.46769230769,-46,4600.787692307691
2025-01-01,EAST,MODEL_6,56,40877.43,5.932,20,44444.7105,-36,3567.2805000000008
2025-01-01,EAST,MODEL_8,40,43338.75,4.552,13,42995.28769230769,-27,-343.46230769230897
2025-01-01,EAST,MODEL_9,17,37913.64,4.15,20,45170.754,3,7257.114000000001
2025-01-01,EAST,MODEL_10,30,38496.85,6.839,19,47727.911578947365,-11,9231.061578947367
2025-01-01,EAST,MODEL_7,18,47324.9,6.14,13,44332.40846153846,-5,-2992.491538461538
2025-01-01,SOUTH,MODEL_8,20,42829.39,5.986,13,42995.28769230769,-7,165.8976923076916
2025-01-01,SOUTH,MODEL_2,40,42263.15,4.884,17,45920.909999999996,-23,3657.7599999999948
2025-01-01,SOUTH,MODEL_3,68,35232.58,5.338,16,45157.466875,-52,9924.886874999997
2025-01-01,SOUTH,MODEL_4,46,40869.45,4.029,19,43267.124210526315,-27,2397.6742105263183
2025-01-01,SOUTH,MODEL_5,28,46658.83,5.52,26,41880.46769230769,-2,-4778.36230769231
2025-01-01,SOUTH,MODEL_6,78,45765.13,4.741,20,44444.7105,-58,-1320.4194999999963
2025-01-01,SOUTH,MODEL_7,51,49468.26,6.096,13,44332.40846153846,-38,-5135.851538461538
2025-01-01,SOUTH,MODEL_1,48,39815.15,5.656,20,45040.028000000006,-28,5224.878000000004
2025-02-01,MIDWEST,MODEL_9,24,32552.34,6.853,11,45782.45636363637,-13,13230.116363636367
2025-02-01,MIDWEST,MODEL_8,17,43205.25,4.839,14,40978.71071428571,-3,-2226.539285714287
2025-02-01,MIDWEST,MODEL_7,23,39717.22,5.649,14,49118.58857142857,-9,9401.368571428568
2025-02-01,MIDWEST,MODEL_3,75,31710.75,6.132,25,45449.9596,-50,13739.209600000002
2025-02-01,MIDWEST,MODEL_5,50,50836.75,5.459,27,44815.90222222223,-23,-6020.847777777773
2025-02-01,MIDWEST,MODEL_4,49,49617.77,5.03,17,46238.59470588235,-32,-3379.1752941176455
2025-02-01,MIDWEST,MODEL_10,71,31578.85,6.633,16,44723.619375,-55,13144.769375000003
2025-02-01,MIDWEST,MODEL_6,65,42364.12,5.098,16,43799.55125,-49,1435.4312499999942
2025-02-01,WEST,MODEL_1,41,51810.81,5.122,18,44639.874444444446,-23,-7170.935555555552
2025-02-01,WEST,MODEL_10,50,37246.55,6.938,16,44723.619375,-34,7477.069374999999
2025-02-01,WEST,MODEL_3,15,36623.55,5.112,25,45449.9596,10,8826.409599999999
2025-02-01,WEST,MODEL_4,62,39753.11,5.937,17,46238.59470588235,-45,6485.484705882351
2025-02-01,WEST,MODEL_5,23,46778.14,4.051,27,44815.90222222223,4,-1962.2377777777729
2025-02-01,WEST,MODEL_6,33,49671.05,6.209,16,43799.55125,-17,-5871.498750000006
2025-02-01,WEST,MODEL_7,11,55887.45,4.433,14,49118.58857142857,3,-6768.861428571428
2025-02-01,WEST,MODEL_8,41,49273.48,4.978,14,40978.71071428571,-27,-8294.76928571429
2025-02-01,WEST,MODEL_9,69,36711.34,5.711,11,45782.45636363637,-58,9071.11636363637
2025-02-01,MIDWEST,MODEL_2,59,43356.89,4.098,24,45113.29791666666,-35,1756.4079166666634
2025-02-01,WEST,MODEL_2,49,46571.46,5.916,24,45113.29791666666,-25,-1458.1620833333363
2025-02-01,MIDWEST,MODEL_1,24,48254.55,6.421,18,44639.874444444446,-6,-3614.6755555555574
2025-02-01,EAST,MODEL_10,65,41642.81,6.684,16,44723.619375,-49,3080.8093750000044
2025-02-01,SOUTH,MODEL_9,21,46953.71,6.529,11,45782.45636363637,-10,-1171.2536363636318
2025-02-01,SOUTH,MODEL_10,35,49484.76,6.463,16,44723.619375,-19,-4761.140625
2025-02-01,EAST,MODEL_2,59,56411.04,6.995,24,45113.29791666666,-35,-11297.742083333338
2025-02-01,EAST,MODEL_3,76,48671.73,6.343,25,45449.9596,-51,-3221.7704000000012
2025-02-01,EAST,MODEL_4,46,49311.08,4.9,17,46238.59470588235,-29,-3072.4852941176505
2025-02-01,EAST,MODEL_5,13,43032.34,4.36,27,44815.90222222223,14,1783.56222222223
2025-02-01,EAST,MODEL_6,33,40876.12,4.313,16,43799.55125,-17,2923.431249999994
2025-02-01,EAST,MODEL_7,61,46033.35,6.005,14,49118.58857142857,-47,3085.23857142857
2025-02-01,EAST,MODEL_8,53,49995.85,5.656,14,40978.71071428571,-39,-9017.139285714286
2025-02-01,EAST,MODEL_9,61,41448.02,6.189,11,45782.45636363637,-50,4334.4363636363705
2025-02-01,EAST,MODEL_1,65,40820.85,6.033,18,44639.874444444446,-47,3819.024444444447
2025-02-01,SOUTH,MODEL_1,36,42514.56,4.739,18,44639.874444444446,-18,2125.314444444448
2025-02-01,SOUTH,MODEL_2,39,43227.63,6.203,24,45113.29791666666,-15,1885.6679166666654
2025-02-01,SOUTH,MODEL_3,58,34186.09,6.288,25,45449.9596,-33,11263.869600000005
2025-02-01,SOUTH,MODEL_4,16,27721.17,5.954,17,46238.59470588235,1,18517.424705882353
2025-02-01,SOUTH,MODEL_5,20,51172.78,6.555,27,44815.90222222223,7,-6356.877777777772
2025-02-01,SOUTH,MODEL_6,46,37104.96,4.174,16,43799.55125,-30,6694.591249999998
2025-02-01,SOUTH,MODEL_7,10,47699.2,6.556,14,49118.58857142857,4,1419.3885714285716
2025-02-01,SOUTH,MODEL_8,49,39720.98,5.043,14,40978.71071428571,-35,1257.7307142857098
2025-03-01,MIDWEST,MODEL_3,43,50319.25,5.021,21,44871.23714285714,-22,-5448.012857142858
2025-03-01,MIDWEST,MODEL_4,44,47211.55,4.212,12,43585.504166666666,-32,-3626.045833333337
2025-03-01,MIDWEST,MODEL_5,44,38641.39,5.415,16,43478.015625,-28,4836.625625000001
2025-03-01,MIDWEST,MODEL_6,43,50832.01,5.594,25,45223.6044,-18,-5608.4056000000055
2025-03-01,MIDWEST,MODEL_7,24,45909.19,4.572,19,43722.319473684205,-5,-2186.870526315797
2025-03-01,MIDWEST,MODEL_8,67,55906.88,5.004,20,43255.9645,-47,-12650.915499999996
2025-03-01,MIDWEST,MODEL_9,54,57622.25,6.291,18,45119.486666666664,-36,-12502.763333333336
2025-03-01,WEST,MODEL_1,40,37532.76,5.692,15,46097.32666666667,-25,8564.566666666666
2025-03-01,WEST,MODEL_5,11,36869.12,6.88,16,43478.015625,5,6608.895624999997
2025-03-01,WEST,MODEL_3,33,47643.82,4.275,21,44871.23714285714,-12,-2772.5828571428574
2025-03-01,WEST,MODEL_4,48,36831.26,5.375,12,43585.504166666666,-36,6754.244166666664
2025-03-01,MIDWEST,MODEL_2,32,38221.25,5.378,25,42982.346399999995,-7,4761.096399999995
2025-03-01,WEST,MODEL_6,38,33739.64,4.485,25,45223.6044,-13,11483.964399999997
2025-03-01,WEST,MODEL_7,13,56394.28,5.216,19,43722.319473684205,6,-12671.960526315794
2025-03-01,WEST,MODEL_8,20,41512.04,5.481,20,43255.9645,0,1743.924500000001
2025-03-01,WEST,MODEL_9,61,48335.45,4.227,18,45119.486666666664,-43,-3215.963333333333
2025-03-01,WEST,MODEL_10,22,45186.86,6.012,19,44651.277368421055,-3,-535.5826315789454
2025-03-01,WEST,MODEL_2,25,41614.2,6.885,25,42982.346399999995,0,1368.1463999999978
2025-03-01,MIDWEST,MODEL_1,58,43373.35,4.642,15,46097.32666666667,-43,2723.976666666669
2025-03-01,MIDWEST,MODEL_10,20,40884.39,6.899,19,44651.277368421055,-1,3766.8873684210557
2025-03-01,SOUTH,MODEL_9,28,53686.3,4.928,18,45119.486666666664,-10,-8566.813333333339
2025-03-01,EAST,MODEL_2,27,45284.0,4.825,25,42982.346399999995,-2,-2301.653600000005
2025-03-01,EAST,MODEL_3,32,45814.4,4.328,21,44871.23714285714,-11,-943.1628571428591
2025-03-01,EAST,MODEL_4,61,37022.02,6.543,12,43585.504166666666,-49,6563.484166666669
2025-03-01,EAST,MODEL_5,17,45997.11,6.338,16,43478.015625,-1,-2519.0943750000006
2025-03-01,EAST,MODEL_6,51,40990.92,5.469,25,45223.6044,-26,4232.684399999998
2025-03-01,EAST,MODEL_7,69,50433.22,4.748,19,43722.319473684205,-50,-6710.900526315796
2025-03-01,EAST,MODEL_8,14,29049.63,6.01,20,43255.9645,6,14206.3345
2025-03-01,EAST,MODEL_9,50,44954.38,6.136,18,45119.486666666664,-32,165.10666666666657
2025-03-01,EAST,MODEL_10,22,40237.62,6.94,19,44651.277368421055,-3,4413.6573684210525
2025-03-01,EAST,MODEL_1,72,55018.6,4.174,15,46097.32666666667,-57,-8921.27333333333
2025-03-01,SOUTH,MODEL_1,21,47570.32,4.673,15,46097.32666666667,-6,-1472.993333333332
2025-03-01,SOUTH,MODEL_2,13,40925.74,4.993,25,42982.346399999995,12,2056.606399999997
2025-03-01,SOUTH,MODEL_3,50,39680.21,4.103,21,44871.23714285714,-29,5191.027142857143
2025-03-01,SOUTH,MODEL_4,54,38374.48,4.115,12,43585.504166666666,-42,5211.0241666666625
2025-03-01,SOUTH,MODEL_5,70,49883.01,5.408,16,43478.015625,-54,-6404.994375000002
2025-03-01,SOUTH,MODEL_6,25,47517.59,4.104,25,45223.6044,0,-2293.9856
2025-03-01,SOUTH,MODEL_7,10,46536.79,6.851,19,43722.319473684205,9,-2814.4705263157957
2025-03-01,SOUTH,MODEL_8,37,54653.84,4.361,20,43255.9645,-17,-11397.875499999995
2025-03-01,SOUTH,MODEL_10,12,41030.81,5.374,19,44651.277368421055,7,3620.4673684210575
2025-04-01,MIDWEST,MODEL_8,35,32223.97,4.727,25,44837.6232,-10,12613.6532
2025-04-01,MIDWEST,MODEL_7,45,45346.85,4.158,19,43211.90473684211,-26,-2134.9452631578897
2025-04-01,MIDWEST,MODEL_3,68,47299.2,6.468,24,47163.66625,-44,-135.53374999999505
2025-04-01,MIDWEST,MODEL_5,49,47058.84,5.206,18,42262.003333333334,-31,-4796.8366666666625
2025-04-01,MIDWEST,MODEL_4,62,42104.28,5.017,28,43678.462857142855,-34,1574.182857142856
2025-04-01,MIDWEST,MODEL_9,17,34088.86,4.967,21,41295.195238095235,4,7206.335238095235
2025-04-01,MIDWEST,MODEL_6,15,39456.38,5.164,18,45824.89888888889,3,6368.518888888895
2025-04-01,MIDWEST,MODEL_10,60,39847.95,5.168,24,43295.434166666666,-36,3447.484166666669
2025-04-01,WEST,MODEL_5,59,35364.81,4.821,18,42262.003333333334,-41,6897.193333333336
2025-04-01,WEST,MODEL_2,44,41143.4,6.37,18,43148.569444444445,-26,2005.1694444444438
2025-04-01,WEST,MODEL_3,16,47353.88,5.791,24,47163.66625,8,-190.21374999999534
2025-04-01,WEST,MODEL_4,31,43238.81,4.101,28,43678.462857142855,-3,439.6528571428571
2025-04-01,WEST,MODEL_6,28,46374.3,4.666,18,45824.89888888889,-10,-549.4011111111104
2025-04-01,WEST,MODEL_7,77,52689.34,5.324,19,43211.90473684211,-58,-9477.435263157888
2025-04-01,WEST,MODEL_8,67,41874.95,4.284,25,44837.6232,-42,2962.6732000000047
2025-04-01,WEST,MODEL_9,50,49326.02,5.875,21,41295.195238095235,-29,-8030.8247619047615
2025-04-01,MIDWEST,MODEL_2,29,51361.82,4.995,18,43148.569444444445,-11,-8213.250555555554
2025-04-01,WEST,MODEL_1,27,51022.02,4.14,16,44001.04875,-11,-7020.971249999995
2025-04-01,MIDWEST,MODEL_1,28,50319.19,5.445,16,44001.04875,-12,-6318.141250000001
2025-04-01,WEST,MODEL_10,59,47761.48,4.195,24,43295.434166666666,-35,-4466.045833333337
2025-04-01,SOUTH,MODEL_9,38,45347.87,6.946,21,41295.195238095235,-17,-4052.6747619047674
2025-04-01,EAST,MODEL_1,32,53042.1,6.239,16,44001.04875,-16,-9041.051249999997
2025-04-01,EAST,MODEL_2,55,48060.52,5.777,18,43148.569444444445,-37,-4911.950555555552
2025-04-01,EAST,MODEL_3,73,38471.15,5.79,24,47163.66625,-49,8692.51625
2025-04-01,EAST,MODEL_4,61,55359.33,6.994,28,43678.462857142855,-33,-11680.867142857147
2025-04-01,EAST,MODEL_5,29,44817.52,6.8,18,42262.003333333334,-11,-2555.516666666663
2025-04-01,EAST,MODEL_6,50,44256.24,6.371,18,45824.89888888889,-32,1568.6588888888946
2025-04-01,EAST,MODEL_7,46,47803.51,6.534,19,43211.90473684211,-27,-4591.605263157893
2025-04-01,EAST,MODEL_8,32,28652.52,4.777,25,44837.6232,-7,16185.103200000001
2025-04-01,EAST,MODEL_9,44,38993.4,6.079,21,41295.195238095235,-23,2301.795238095234
2025-04-01,SOUTH,MODEL_10,57,49312.13,6.807,24,43295.434166666666,-33,-6016.695833333331
2025-04-01,SOUTH,MODEL_1,73,46330.5,4.441,16,44001.04875,-57,-2329.4512499999983
2025-04-01,SOUTH,MODEL_2,56,46826.6,4.622,18,43148.569444444445,-38,-3678.0305555555533
2025-04-01,SOUTH,MODEL_3,62,50208.85,5.923,24,47163.66625,-38,-3045.1837499999965
2025-04-01,SOUTH,MODEL_4,64,45891.36,4.503,28,43678.462857142855,-36,-2212.897142857146
2025-04-01,SOUTH,MODEL_5,36,50492.98,6.791,18,42262.003333333334,-18,-8230.97666666667
2025-04-01,SOUTH,MODEL_6,74,39728.3,4.6,18,45824.89888888889,-56,6096.59888888889
2025-04-01,SOUTH,MODEL_7,60,37766.22,4.64,19,43211.90473684211,-41,5445.684736842108
2025-04-01,SOUTH,MODEL_8,14,52231.28,4.673,25,44837.6232,11,-7393.656799999997
2025-04-01,EAST,MODEL_10,60,56046.41,4.523,24,43295.434166666666,-36,-12750.975833333338
2025-05-01,MIDWEST,MODEL_8,16,49855.39,4.996,20,47720.754499999995,4,-2134.635500000004
2025-05-01,MIDWEST,MODEL_7,22,45860.83,4.033,23,44563.26130434783,1,-1297.568695652175
2025-05-01,MIDWEST,MODEL_6,18,46109.69,6.462,17,49115.48470588235,-1,3005.7947058823484
2025-05-01,MIDWEST,MODEL_2,62,39324.79,5.584,22,44880.54772727272,-40,5555.757727272721
2025-05-01,MIDWEST,MODEL_4,73,50075.41,4.101,19,45332.28736842105,-54,-4743.122631578954
2025-05-01,MIDWEST,MODEL_3,30,45136.18,4.493,21,43135.90047619048,-9,-2000.2795238095205
2025-05-01,MIDWEST,MODEL_9,42,39288.85,6.908,29,43807.63,-13,4518.779999999999
2025-05-01,MIDWEST,MODEL_5,66,46099.85,6.226,17,44173.20411764706,-49,-1926.6458823529392
2025-05-01,MIDWEST,MODEL_10,33,55305.21,5.744,24,48757.3675,-9,-6547.842499999999
2025-05-01,WEST,MODEL_4,15,49911.79,5.618,19,45332.28736842105,4,-4579.502631578951
2025-05-01,WEST,MODEL_2,12,40638.75,5.312,22,44880.54772727272,10,4241.797727272722
2025-05-01,WEST,MODEL_3,34,43551.66,6.537,21,43135.90047619048,-13,-415.75952380952367
2025-05-01,WEST,MODEL_5,73,37489.73,6.308,17,44173.20411764706,-56,6683.474117647056
2025-05-01,WEST,MODEL_6,60,41377.16,6.127,17,49115.48470588235,-43,7738.324705882347
2025-05-01,WEST,MODEL_7,66,50558.86,6.716,23,44563.26130434783,-43,-5995.598695652174
2025-05-01,WEST,MODEL_8,61,39785.32,4.138,20,47720.754499999995,-41,7935.434499999996
2025-05-01,WEST,MODEL_9,38,44783.4,6.799,29,43807.63,-9,-975.7700000000041
2025-05-01,MIDWEST,MODEL_1,33,34688.61,6.093,24,44587.042083333334,-9,9898.432083333333
2025-05-01,WEST,MODEL_1,50,35003.13,5.98,24,44587.042083333334,-26,9583.912083333336
2025-05-01,WEST,MODEL_10,25,36095.68,6.314,24,48757.3675,-1,12661.6875
2025-05-01,SOUTH,MODEL_10,35,51295.3,6.964,24,48757.3675,-11,-2537.9325000000026
2025-05-01,SOUTH,MODEL_8,20,38623.29,5.351,20,47720.754499999995,0,9097.464499999995
2025-05-01,SOUTH,MODEL_9,34,43108.21,4.311,29,43807.63,-5,699.4199999999983
2025-05-01,EAST,MODEL_1,36,45708.69,4.895,24,44587.042083333334,-12,-1121.6479166666686
2025-05-01,EAST,MODEL_2,18,46609.08,4.803,22,44880.54772727272,4,-1728.5322727272796
2025-05-01,EAST,MODEL_3,57,53947.06,6.433,21,43135.90047619048,-36,-10811.159523809518
2025-05-01,EAST,MODEL_4,74,55279.0,6.939,19,45332.28736842105,-55,-9946.71263157895
2025-05-01,EAST,MODEL_6,16,45075.31,6.942,17,49115.48470588235,1,4040.174705882353
2025-05-01,EAST,MODEL_7,27,46810.49,6.183,23,44563.26130434783,-4,-2247.228695652171
2025-05-01,EAST,MODEL_8,49,56511.27,4.154,20,47720.754499999995,-29,-8790.515500000001
2025-05-01,EAST,MODEL_5,71,46783.27,5.946,17,44173.20411764706,-54,-2610.0658823529375
2025-05-01,EAST,MODEL_10,33,56668.19,6.035,24,48757.3675,-9,-7910.822500000002
2025-05-01,EAST,MODEL_9,42,26857.81,4.8,29,43807.63,-13,16949.819999999996
2025-05-01,SOUTH,MODEL_6,38,42841.61,5.606,17,49115.48470588235,-21,6273.87470588235
2025-05-01,SOUTH,MODEL_5,15,45722.67,5.048,17,44173.20411764706,2,-1549.465882352939
2025-05-01,SOUTH,MODEL_4,12,43790.58,4.96,19,45332.28736842105,7,1541.7073684210482
2025-05-01,SOUTH,MODEL_7,34,43393.01,6.203,23,44563.26130434783,-11,1170.2513043478248
2025-05-01,SOUTH,MODEL_2,67,38009.01,4.995,22,44880.54772727272,-45,6871.53772727272
2025-05-01,SOUTH,MODEL_1,51,44460.33,5.259,24,44587.042083333334,-27,126.71208333333198
2025-05-01,SOUTH,MODEL_3,31,43411.85,6.366,21,43135.90047619048,-10,-275.9495238095187
2025-06-01,MIDWEST,MODEL_9,21,43211.63,4.136,15,45466.318666666666,-6,2254.6886666666687
2025-06-01,MIDWEST,MODEL_3,21,54909.75,5.933,13,42109.443076923075,-8,-12800.306923076925
2025-06-01,MIDWEST,MODEL_4,57,46050.76,5.441,20,46366.875,-37,316.11499999999796
2025-06-01,MIDWEST,MODEL_5,49,41108.41,5.602,20,43959.553,-29,2851.1429999999964
2025-06-01,MIDWEST,MODEL_6,60,49775.2,6.542,25,45161.2708,-35,-4613.929199999999
2025-06-01,MIDWEST,MODEL_7,73,35651.59,4.671,24,45867.43625,-49,10215.846250000002
2025-06-01,MIDWEST,MODEL_8,24,46780.16,4.639,20,45628.884000000005,-4,-1151.275999999998
2025-06-01,MIDWEST,MODEL_10,11,51752.6,5.697,29,44797.786206896555,18,-6954.8137931034435
2025-06-01,MIDWEST,MODEL_2,69,42171.25,5.086,13,46128.41846153846,-56,3957.1684615384584
2025-06-01,WEST,MODEL_2,13,57504.0,6.822,13,46128.41846153846,0,-11375.581538461542
2025-06-01,WEST,MODEL_3,79,41061.35,4.178,13,42109.443076923075,-66,1048.0930769230763
2025-06-01,WEST,MODEL_4,53,40726.01,5.517,20,46366.875,-33,5640.864999999998
2025-06-01,WEST,MODEL_5,36,55728.28,6.906,20,43959.553,-16,-11768.726999999999
2025-06-01,WEST,MODEL_6,28,42831.79,6.506,25,45161.2708,-3,2329.4807999999975
2025-06-01,WEST,MODEL_7,73,51350.65,6.128,24,45867.43625,-49,-5483.213750000003
2025-06-01,WEST,MODEL_8,26,39526.91,6.603,20,45628.884000000005,-6,6101.974000000002
2025-06-01,WEST,MODEL_9,12,41408.33,6.306,15,45466.318666666666,3,4057.9886666666644
2025-06-01,WEST,MODEL_1,12,51388.56,4.376,22,44620.85318181818,10,-6767.706818181818
2025-06-01,MIDWEST,MODEL_1,29,43751.36,6.006,22,44620.85318181818,-7,869.4931818181794
2025-06-01,WEST,MODEL_10,35,45403.46,4.622,29,44797.786206896555,-6,-605.673793103444
2025-06-01,SOUTH,MODEL_9,68,42847.12,6.77,15,45466.318666666666,-53,2619.1986666666635
2025-06-01,EAST,MODEL_1,12,36813.55,4.741,22,44620.85318181818,10,7807.303181818177
2025-06-01,EAST,MODEL_2,69,57346.34,4.781,13,46128.41846153846,-56,-11217.921538461538
2025-06-01,EAST,MODEL_3,50,48390.72,4.57,13,42109.443076923075,-37,-6281.276923076926
2025-06-01,EAST,MODEL_4,37,39439.97,4.614,20,46366.875,-17,6926.904999999999
2025-06-01,EAST,MODEL_5,50,37701.93,5.223,20,43959.553,-30,6257.623
2025-06-01,EAST,MODEL_6,39,40199.39,5.207,25,45161.2708,-14,4961.880799999999
2025-06-01,EAST,MODEL_7,64,35004.9,5.611,24,45867.43625,-40,10862.536249999997
2025-06-01,EAST,MODEL_8,74,52809.27,5.771,20,45628.884000000005,-54,-7180.385999999991
2025-06-01,EAST,MODEL_9,51,55162.73,4.991,15,45466.318666666666,-36,-9696.411333333337
2025-06-01,SOUTH,MODEL_10,52,39675.12,4.334,29,44797.786206896555,-23,5122.6662068965525
2025-06-01,SOUTH,MODEL_1,37,46500.45,6.132,22,44620.85318181818,-15,-1879.596818181817
2025-06-01,SOUTH,MODEL_2,54,35863.15,5.763,13,46128.41846153846,-41,10265.268461538457
2025-06-01,SOUTH,MODEL_3,29,60339.1,5.39,13,42109.443076923075,-16,-18229.656923076924
2025-06-01,SOUTH,MODEL_4,54,34517.23,5.86,20,46366.875,-34,11849.644999999997
2025-06-01,SOUTH,MODEL_5,36,34228.98,5.575,20,43959.553,-16,9730.572999999997
2025-06-01,SOUTH,MODEL_6,48,38346.53,4.547,25,45161.2708,-23,6814.7408
2025-06-01,SOUTH,MODEL_7,10,33223.16,6.609,24,45867.43625,14,12644.276249999995
2025-06-01,SOUTH,MODEL_8,18,31690.31,6.452,20,45628.884000000005,2,13938.574000000004
2025-06-01,EAST,MODEL_10,53,47735.13,6.913,29,44797.786206896555,-24,-2937.3437931034423
2025-07-01,MIDWEST,MODEL_8,31,63032.4,6.297,18,45748.125,-13,-17284.275
2025-07-01,MIDWEST,MODEL_7,66,48231.36,5.843,21,43282.72095238095,-45,-4948.63904761905
2025-07-01,MIDWEST,MODEL_3,15,55301.16,4.112,14,43303.15142857143,-1,-11998.008571428574
2025-07-01,MIDWEST,MODEL_5,38,51039.58,6.351,26,46037.82307692307,-12,-5001.7569230769295
2025-07-01,MIDWEST,MODEL_4,36,44430.82,4.865,19,48229.67526315789,-17,3798.855263157893
2025-07-01,MIDWEST,MODEL_9,67,47252.58,5.587,21,46507.66428571429,-46,-744.9157142857148
2025-07-01,MIDWEST,MODEL_6,51,46890.51,4.132,20,48384.93,-31,1494.4199999999983
2025-07-01,MIDWEST,MODEL_10,29,43717.59,5.41,22,46484.45954545454,-7,2766.869545454545
2025-07-01,WEST,MODEL_5,67,51355.93,4.393,26,46037.82307692307,-41,-5318.106923076928
2025-07-01,WEST,MODEL_2,19,42466.85,5.319,24,48051.073333333334,5,5584.223333333335
2025-07-01,WEST,MODEL_3,37,43467.11,4.124,14,43303.15142857143,-23,-163.9585714285713
2025-07-01,WEST,MODEL_4,43,41008.15,5.132,19,48229.67526315789,-24,7221.5252631578915
2025-07-01,WEST,MODEL_6,40,38044.63,6.058,20,48384.93,-20,10340.300000000003
2025-07-01,WEST,MODEL_7,31,48776.77,6.98,21,43282.72095238095,-10,-5494.049047619046
2025-07-01,WEST,MODEL_8,67,38246.95,5.733,18,45748.125,-49,7501.175000000003
2025-07-01,WEST,MODEL_9,73,53200.8,5.529,21,46507.66428571429,-52,-6693.135714285716
2025-07-01,MIDWEST,MODEL_2,76,41933.8,4.002,24,48051.073333333334,-52,6117.273333333331
2025-07-01,WEST,MODEL_1,60,54734.89,4.175,22,44488.306818181816,-38,-10246.583181818183
2025-07-01,MIDWEST,MODEL_1,43,45316.29,6.792,22,44488.306818181816,-21,-827.9831818181847
2025-07-01,WEST,MODEL_10,71,34409.47,5.602,22,46484.45954545454,-49,12074.98954545454
2025-07-01,SOUTH,MODEL_9,75,43934.9,6.074,21,46507.66428571429,-54,2572.7642857142855
2025-07-01,EAST,MODEL_1,59,52229.68,5.779,22,44488.306818181816,-37,-7741.373181818184
2025-07-01,EAST,MODEL_2,66,55594.64,4.045,24,48051.073333333334,-42,-7543.566666666666
2025-07-01,EAST,MODEL_3,65,33925.82,6.977,14,43303.15142857143,-51,9377.33142857143
2025-07-01,EAST,MODEL_4,48,41262.11,4.325,19,48229.67526315789,-29,6967.565263157892
2025-07-01,EAST,MODEL_5,13,45962.3,6.797,26,46037.82307692307,13,75.52307692306931
2025-07-01,EAST,MODEL_6,20,42143.21,6.222,20,48384.93,0,6241.720000000001
2025-07-01,EAST,MODEL_7,35,45977.03,6.751,21,43282.72095238095,-14,-2694.309047619048
2025-07-01,EAST,MODEL_8,32,53814.76,4.667,18,45748.125,-14,-8066.635000000002
2025-07-01,EAST,MODEL_9,60,37762.0,6.715,21,46507.66428571429,-39,8745.664285714287
2025-07-01,SOUTH,MODEL_10,65,47463.33,4.554,22,46484.45954545454,-43,-978.8704545454602
2025-07-01,SOUTH,MODEL_1,45,46579.24,4.457,22,44488.306818181816,-23,-2090.9331818181818
2025-07-01,SOUTH,MODEL_2,30,41341.88,5.253,24,48051.073333333334,-6,6709.193333333336
2025-07-01,SOUTH,MODEL_3,55,50749.95,5.737,14,43303.15142857143,-41,-7446.798571428568
2025-07-01,SOUTH,MODEL_4,21,46126.98,6.373,19,48229.67526315789,-2,2102.6952631578897
2025-07-01,SOUTH,MODEL_5,23,47024.25,5.04,26,46037.82307692307,3,-986.4269230769278
2025-07-01,SOUTH,MODEL_6,53,47217.52,6.681,20,48384.93,-33,1167.4100000000035
2025-07-01,SOUTH,MODEL_7,19,63594.94,4.996,21,43282.72095238095,2,-20312.21904761905
2025-07-01,SOUTH,MODEL_8,66,37946.62,5.197,18,45748.125,-48,7801.504999999997
2025-07-01,EAST,MODEL_10,45,50000.97,4.67,22,46484.45954545454,-23,-3516.5104545454597
2025-08-01,MIDWEST,MODEL_8,40,41129.3,6.2,15,44071.496666666666,-25,2942.196666666663
2025-08-01,MIDWEST,MODEL_7,18,54798.23,5.939,27,42449.67111111111,9,-12348.558888888896
2025-08-01,MIDWEST,MODEL_6,30,47003.92,6.534,33,47518.683333333334,3,514.763333333336
2025-08-01,MIDWEST,MODEL_2,16,42907.1,6.19,23,44953.3447826087,7,2046.244782608701
2025-08-01,MIDWEST,MODEL_4,28,49213.97,5.033,21,43245.78857142857,-7,-5968.181428571428
2025-08-01,MIDWEST,MODEL_3,16,45274.45,4.416,21,44975.24095238095,5,-299.20904761904967
2025-08-01,MIDWEST,MODEL_9,39,47113.65,4.828,17,42823.39,-22,-4290.260000000002
2025-08-01,MIDWEST,MODEL_5,25,45590.5,6.822,25,42643.544,0,-2946.9559999999983
2025-08-01,MIDWEST,MODEL_10,21,44791.84,6.908,21,41648.24380952381,0,-3143.596190476186
2025-08-01,WEST,MODEL_4,45,31547.56,4.117,21,43245.78857142857,-24,11698.228571428572
2025-08-01,WEST,MODEL_2,67,43769.25,4.796,23,44953.3447826087,-44,1184.0947826086995
2025-08-01,WEST,MODEL_3,38,49166.2,6.038,21,44975.24095238095,-17,-4190.95904761905
2025-08-01,WEST,MODEL_5,18,54470.54,5.031,25,42643.544,7,-11826.996
2025-08-01,WEST,MODEL_6,16,44420.39,4.438,33,47518.683333333334,17,3098.293333333335
2025-08-01,WEST,MODEL_7,51,46684.83,6.545,27,42449.67111111111,-24,-4235.158888888895
2025-08-01,WEST,MODEL_8,75,45393.62,4.56,15,44071.496666666666,-60,-1322.1233333333366
2025-08-01,WEST,MODEL_9,38,28534.12,4.916,17,42823.39,-21,14289.27
2025-08-01,MIDWEST,MODEL_1,69,36460.96,6.5,16,44707.86875,-53,8246.908750000002
2025-08-01,WEST,MODEL_1,68,28536.24,6.797,16,44707.86875,-52,16171.62875
2025-08-01,WEST,MODEL_10,11,40638.59,5.788,21,41648.24380952381,10,1009.6538095238138
2025-08-01,SOUTH,MODEL_10,27,39115.85,4.708,21,41648.24380952381,-6,2532.393809523812
2025-08-01,SOUTH,MODEL_8,55,44375.75,4.083,15,44071.496666666666,-40,-304.253333333334
2025-08-01,SOUTH,MODEL_9,17,45834.22,4.443,17,42823.39,0,-3010.8300000000017
2025-08-01,EAST,MODEL_1,32,46929.06,5.247,16,44707.86875,-16,-2221.191249999996
2025-08-01,EAST,MODEL_2,30,40097.38,6.44,23,44953.3447826087,-7,4855.964782608702
2025-08-01,EAST,MODEL_3,67,33590.24,5.333,21,44975.24095238095,-46,11385.00095238095
2025-08-01,EAST,MODEL_4,69,58707.21,6.14,21,43245.78857142857,-48,-15461.421428571426
2025-08-01,EAST,MODEL_6,21,45590.57,4.433,33,47518.683333333334,12,1928.1133333333346
2025-08-01,EAST,MODEL_7,74,44897.58,6.744,27,42449.67111111111,-47,-2447.9088888888946
2025-08-01,EAST,MODEL_8,60,46521.32,5.01,15,44071.496666666666,-45,-2449.8233333333337
2025-08-01,EAST,MODEL_5,78,41626.47,5.006,25,42643.544,-53,1017.0740000000005
2025-08-01,EAST,MODEL_10,23,56853.89,4.479,21,41648.24380952381,-2,-15205.646190476189
2025-08-01,EAST,MODEL_9,56,39671.3,5.548,17,42823.39,-39,3152.0899999999965
2025-08-01,SOUTH,MODEL_6,48,44160.6,4.808,33,47518.683333333334,-15,3358.0833333333358
2025-08-01,SOUTH,MODEL_5,26,43688.54,6.832,25,42643.544,-1,-1044.9959999999992
2025-08-01,SOUTH,MODEL_4,44,45356.06,4.384,21,43245.78857142857,-23,-2110.2714285714246
2025-08-01,SOUTH,MODEL_7,47,50938.57,6.444,27,42449.67111111111,-20,-8488.898888888893
2025-08-01,SOUTH,MODEL_2,48,45288.41,5.605,23,44953.3447826087,-25,-335.06521739130403
2025-08-01,SOUTH,MODEL_1,14,44086.14,6.169,16,44707.86875,2,621.728750000002
2025-08-01,SOUTH,MODEL_3,31,46062.59,4.581,21,44975.24095238095,-10,-1087.349047619049
2025-09-01,MIDWEST,MODEL_9,40,41774.85,4.894,20,45434.386,-20,3659.536
2025-09-01,MIDWEST,MODEL_3,33,43005.45,5.851,19,44225.69052631579,-14,1220.2405263157925
2025-09-01,MIDWEST,MODEL_4,36,39658.51,5.894,25,45871.8992,-11,6213.389199999998
2025-09-01,MIDWEST,MODEL_5,26,41202.59,6.017,31,46488.745161290324,5,5286.155161290328
2025-09-01,MIDWEST,MODEL_6,43,46772.11,4.707,22,44610.472272727275,-21,-2161.637727272726
2025-09-01,MIDWEST,MODEL_7,71,44317.87,4.749,20,44079.8635,-51,-238.00650000000314
2025-09-01,MIDWEST,MODEL_8,68,55414.29,5.904,18,43838.291666666664,-50,-11575.998333333337
2025-09-01,WEST,MODEL_10,29,36072.46,6.631,29,46320.5075862069,0,10248.0475862069
2025-09-01,MIDWEST,MODEL_2,10,51118.09,6.142,21,41024.374285714286,11,-10093.71571428571
2025-09-01,WEST,MODEL_2,35,52627.1,4.97,21,41024.374285714286,-14,-11602.725714285712
2025-09-01,WEST,MODEL_3,73,47807.92,4.802,19,44225.69052631579,-54,-3582.2294736842086
2025-09-01,WEST,MODEL_4,26,52784.36,5.778,25,45871.8992,-1,-6912.460800000001
2025-09-01,WEST,MODEL_5,62,52769.07,6.519,31,46488.745161290324,-31,-6280.3248387096755
2025-09-01,WEST,MODEL_6,14,42995.11,5.742,22,44610.472272727275,8,1615.362272727274
2025-09-01,WEST,MODEL_7,70,40502.26,6.045,20,44079.8635,-50,3577.6034999999974
2025-09-01,WEST,MODEL_8,34,42881.04,4.369,18,43838.291666666664,-16,957.2516666666634
2025-09-01,WEST,MODEL_9,33,56551.22,4.298,20,45434.386,-13,-11116.834000000003
2025-09-01,WEST,MODEL_1,75,35858.54,6.853,19,47934.438421052626,-56,12075.898421052625
2025-09-01,MIDWEST,MODEL_1,40,50476.56,6.962,19,47934.438421052626,-21,-2542.1215789473717
2025-09-01,MIDWEST,MODEL_10,56,32977.01,4.857,29,46320.5075862069,-27,13343.497586206897
2025-09-01,SOUTH,MODEL_9,44,48963.82,5.026,20,45434.386,-24,-3529.434000000001
2025-09-01,EAST,MODEL_1,40,45797.52,5.877,19,47934.438421052626,-21,2136.918421052629
2025-09-01,EAST,MODEL_2,64,48228.14,4.789,21,41024.374285714286,-43,-7203.765714285713
2025-09-01,EAST,MODEL_3,41,46329.22,4.693,19,44225.69052631579,-22,-2103.5294736842116
2025-09-01,EAST,MODEL_4,50,44865.26,6.476,25,45871.8992,-25,1006.6391999999978
2025-09-01,EAST,MODEL_5,44,71518.38,4.188,31,46488.745161290324,-13,-25029.63483870968
2025-09-01,EAST,MODEL_6,15,45389.27,4.156,22,44610.472272727275,7,-778.7977272727221
2025-09-01,EAST,MODEL_7,46,45107.16,4.387,20,44079.8635,-26,-1027.296500000004
2025-09-01,EAST,MODEL_8,18,47196.48,4.343,18,43838.291666666664,0,-3358.188333333339
2025-09-01,EAST,MODEL_9,77,51869.05,6.527,20,45434.386,-57,-6434.664000000004
2025-09-01,SOUTH,MODEL_10,15,48144.22,5.398,29,46320.5075862069,14,-1823.7124137931023
2025-09-01,SOUTH,MODEL_1,53,43901.07,6.98,19,47934.438421052626,-34,4033.368421052626
2025-09-01,SOUTH,MODEL_2,18,30705.8,5.826,21,41024.374285714286,3,10318.574285714287
2025-09-01,SOUTH,MODEL_3,78,38545.76,5.468,19,44225.69052631579,-59,5679.930526315788
2025-09-01,SOUTH,MODEL_4,70,60621.35,6.154,25,45871.8992,-45,-14749.450799999999
2025-09-01,SOUTH,MODEL_5,35,50423.09,6.451,31,46488.745161290324,-4,-3934.3448387096723
2025-09-01,SOUTH,MODEL_6,43,49594.33,5.527,22,44610.472272727275,-21,-4983.857727272727
2025-09-01,SOUTH,MODEL_7,64,42793.08,5.765,20,44079.8635,-44,1286.7834999999977
2025-09-01,SOUTH,MODEL_8,33,51003.84,5.0,18,43838.291666666664,-15,-7165.548333333332
2025-09-01,EAST,MODEL_10,39,41112.81,6.794,29,46320.5075862069,-10,5207.697586206901
2025-10-01,MIDWEST,MODEL_9,25,39679.48,5.931,21,46626.07571428571,-4,6946.595714285708
2025-10-01,MIDWEST,MODEL_8,16,30682.71,5.405,24,44957.08583333334,8,14274.375833333339
2025-10-01,MIDWEST,MODEL_7,74,50081.37,4.04,17,42735.2005882353,-57,-7346.169411764706
2025-10-01,MIDWEST,MODEL_3,34,49172.51,5.382,23,45450.99130434783,-11,-3721.518695652172
2025-10-01,MIDWEST,MODEL_5,52,47644.48,5.171,23,45352.31304347826,-29,-2292.1669565217453
2025-10-01,MIDWEST,MODEL_4,12,39215.19,4.389,16,43620.215,4,4405.024999999994
2025-10-01,MIDWEST,MODEL_10,30,46402.85,5.107,14,43688.97285714286,-16,-2713.8771428571417
2025-10-01,MIDWEST,MODEL_6,68,52308.92,6.741,20,46392.5565,-48,-5916.3634999999995
2025-10-01,WEST,MODEL_1,38,33135.61,4.684,23,46870.81478260869,-15,13735.204782608693
2025-10-01,WEST,MODEL_5,16,47772.18,4.786,23,45352.31304347826,7,-2419.8669565217424
2025-10-01,WEST,MODEL_3,62,35430.02,5.819,23,45450.99130434783,-39,10020.971304347833
2025-10-01,WEST,MODEL_4,51,37896.49,5.456,16,43620.215,-35,5723.7249999999985
2025-10-01,WEST,MODEL_6,10,50086.64,6.237,20,46392.5565,10,-3694.0835000000006
2025-10-01,WEST,MODEL_7,16,47411.2,6.699,17,42735.2005882353,1,-4675.9994117647
2025-10-01,WEST,MODEL_8,35,41804.28,4.539,24,44957.08583333334,-11,3152.8058333333393
2025-10-01,WEST,MODEL_9,43,35224.26,6.79,21,46626.07571428571,-22,11401.815714285709
2025-10-01,WEST,MODEL_10,44,39106.85,5.833,14,43688.97285714286,-30,4582.122857142858
2025-10-01,MIDWEST,MODEL_2,23,43622.54,5.789,15,44371.20733333333,-8,748.667333333331
2025-10-01,WEST,MODEL_2,69,47885.94,4.689,15,44371.20733333333,-54,-3514.7326666666704
2025-10-01,MIDWEST,MODEL_1,29,39777.53,4.041,23,46870.81478260869,-6,7093.2847826086945
2025-10-01,SOUTH,MODEL_10,17,45985.43,5.246,14,43688.97285714286,-3,-2296.4571428571435
2025-10-01,SOUTH,MODEL_9,68,37859.41,6.13,21,46626.07571428571,-47,8766.665714285708
2025-10-01,EAST,MODEL_1,20,45879.41,5.51,23,46870.81478260869,3,991.4047826086899
2025-10-01,EAST,MODEL_2,78,44288.21,6.496,15,44371.20733333333,-63,82.99733333333279
2025-10-01,EAST,MODEL_3,41,38625.72,4.343,23,45450.99130434783,-18,6825.271304347829
2025-10-01,EAST,MODEL_4,20,38349.35,6.766,16,43620.215,-4,5270.864999999998
2025-10-01,EAST,MODEL_5,69,62167.75,6.355,23,45352.31304347826,-46,-16815.436956521742
2025-10-01,EAST,MODEL_7,76,51771.44,5.842,17,42735.2005882353,-59,-9036.239411764705
2025-10-01,EAST,MODEL_8,52,44377.61,5.381,24,44957.08583333334,-28,579.4758333333375
2025-10-01,EAST,MODEL_9,53,45142.86,6.228,21,46626.07571428571,-32,1483.2157142857104
2025-10-01,EAST,MODEL_6,35,36246.83,5.872,20,46392.5565,-15,10145.726499999997
2025-10-01,SOUTH,MODEL_1,12,46938.99,5.127,23,46870.81478260869,11,-68.17521739130461
2025-10-01,EAST,MODEL_10,70,50722.82,6.847,14,43688.97285714286,-56,-7033.847142857143
2025-10-01,SOUTH,MODEL_7,70,44559.89,5.469,17,42735.2005882353,-53,-1824.6894117647025
2025-10-01,SOUTH,MODEL_6,72,43836.89,6.599,20,46392.5565,-52,2555.6664999999994
2025-10-01,SOUTH,MODEL_5,13,50437.94,5.452,23,45352.31304347826,10,-5085.626956521744
2025-10-01,SOUTH,MODEL_8,30,48463.26,4.762,24,44957.08583333334,-6,-3506.174166666664
2025-10-01,SOUTH,MODEL_3,23,45025.06,4.235,23,45450.99130434783,0,425.93130434783234
2025-10-01,SOUTH,MODEL_2,54,45678.66,6.166,15,44371.20733333333,-39,-1307.4526666666716
2025-10-01,SOUTH,MODEL_4,56,33045.27,5.11,16,43620.215,-40,10574.945
2025-11-01,MIDWEST,MODEL_10,42,40902.99,5.112,10,45598.231,-32,4695.241000000002
2025-11-01,MIDWEST,MODEL_3,58,38547.62,6.739,21,44339.328095238096,-37,5791.708095238093
2025-11-01,MIDWEST,MODEL_4,72,41067.89,6.689,21,45528.47571428571,-51,4460.585714285713
2025-11-01,MIDWEST,MODEL_5,68,34998.84,6.776,21,46315.50428571428,-47,11316.664285714287
2025-11-01,MIDWEST,MODEL_6,33,30358.3,4.715,17,42099.59823529412,-16,11741.298235294122
2025-11-01,MIDWEST,MODEL_7,24,42391.66,5.675,31,44323.05903225807,7,1931.3990322580648
2025-11-01,MIDWEST,MODEL_8,78,53654.31,6.176,16,44473.559375,-62,-9180.750625
2025-11-01,MIDWEST,MODEL_9,59,47624.17,6.044,24,48279.52416666667,-35,655.3541666666715
2025-11-01,WEST,MODEL_10,69,55773.39,5.916,10,45598.231,-59,-10175.159
2025-11-01,WEST,MODEL_9,63,43476.38,6.343,24,48279.52416666667,-39,4803.144166666672
2025-11-01,WEST,MODEL_2,11,46776.73,5.828,24,50249.09666666667,13,3472.3666666666686
2025-11-01,WEST,MODEL_3,71,48121.89,6.6,21,44339.328095238096,-50,-3782.561904761904
2025-11-01,WEST,MODEL_4,60,28242.73,6.47,21,45528.47571428571,-39,17285.745714285713
2025-11-01,WEST,MODEL_5,59,54190.26,4.416,21,46315.50428571428,-38,-7874.755714285719
2025-11-01,WEST,MODEL_6,40,37554.88,4.103,17,42099.59823529412,-23,4544.718235294124
2025-11-01,WEST,MODEL_7,49,44042.89,5.432,31,44323.05903225807,-18,280.1690322580689
2025-11-01,WEST,MODEL_8,44,50242.09,5.009,16,44473.559375,-28,-5768.530624999999
2025-11-01,MIDWEST,MODEL_2,65,42736.6,4.579,24,50249.09666666667,-41,7512.496666666673
2025-11-01,WEST,MODEL_1,53,43707.97,5.049,16,45898.135,-37,2190.165000000001
2025-11-01,MIDWEST,MODEL_1,15,52612.63,6.299,16,45898.135,1,-6714.494999999995
2025-11-01,EAST,MODEL_10,43,47482.0,5.63,10,45598.231,-33,-1883.7690000000002
2025-11-01,SOUTH,MODEL_9,18,44206.93,6.842,24,48279.52416666667,6,4072.5941666666695
2025-11-01,SOUTH,MODEL_10,69,51117.05,6.081,10,45598.231,-59,-5518.819000000003
2025-11-01,EAST,MODEL_1,69,48442.91,4.694,16,45898.135,-53,-2544.7750000000015
2025-11-01,EAST,MODEL_2,26,37086.27,5.028,24,50249.09666666667,-2,13162.826666666675
2025-11-01,EAST,MODEL_3,63,39154.7,5.015,21,44339.328095238096,-42,5184.6280952380985
2025-11-01,EAST,MODEL_4,66,38086.86,5.246,21,45528.47571428571,-45,7441.615714285712
2025-11-01,EAST,MODEL_6,48,52145.02,5.89,17,42099.59823529412,-31,-10045.421764705876
2025-11-01,EAST,MODEL_7,71,43577.5,5.425,31,44323.05903225807,-40,745.5590322580683
2025-11-01,EAST,MODEL_8,22,36171.01,4.563,16,44473.559375,-6,8302.549374999995
2025-11-01,EAST,MODEL_5,16,42577.2,5.162,21,46315.50428571428,5,3738.3042857142864
2025-11-01,SOUTH,MODEL_1,79,46407.3,6.112,16,45898.135,-63,-509.1650000000009
2025-11-01,SOUTH,MODEL_2,28,47426.63,4.286,24,50249.09666666667,-4,2822.4666666666744
2025-11-01,SOUTH,MODEL_3,46,40612.3,4.353,21,44339.328095238096,-25,3727.0280952380926
2025-11-01,SOUTH,MODEL_8,26,35653.37,4.692,16,44473.559375,-10,8820.189374999994
2025-11-01,SOUTH,MODEL_4,15,31370.0,4.905,21,45528.47571428571,6,14158.475714285712
2025-11-01,SOUTH,MODEL_5,73,48947.79,4.23,21,46315.50428571428,-52,-2632.2857142857174
2025-11-01,SOUTH,MODEL_6,54,48815.81,5.799,17,42099.59823529412,-37,-6716.211764705877
2025-11-01,SOUTH,MODEL_7,37,66644.72,5.848,31,44323.05903225807,-6,-22321.660967741933
2025-11-01,EAST,MODEL_9,74,52628.6,4.24,24,48279.52416666667,-50,-4349.075833333329
2025-12-01,MIDWEST,MODEL_7,40,37661.47,4.086,33,46318.01303030303,-7,8656.54303030303
2025-12-01,MIDWEST,MODEL_6,66,48722.75,6.728,23,45722.290434782604,-43,-3000.4595652173957
2025-12-01,MIDWEST,MODEL_2,28,48822.56,5.077,13,42351.74230769231,-15,-6470.81769230769
2025-12-01,MIDWEST,MODEL_4,28,44199.43,5.718,23,42600.279565217395,-5,-1599.1504347826049
2025-12-01,MIDWEST,MODEL_3,43,45736.45,6.93,22,46949.66772727273,-21,1213.217727272735
2025-12-01,MIDWEST,MODEL_8,11,56933.33,6.295,23,46355.23739130435,12,-10578.092608695653
2025-12-01,MIDWEST,MODEL_5,15,38490.4,5.764,21,42896.69238095238,6,4406.292380952378
2025-12-01,MIDWEST,MODEL_9,12,40994.01,4.881,29,42106.91655172414,17,1112.9065517241397
2025-12-01,WEST,MODEL_8,47,44742.8,4.099,23,46355.23739130435,-24,1612.4373913043455
2025-12-01,WEST,MODEL_1,53,51831.71,6.592,21,44463.84380952381,-32,-7367.86619047619
2025-12-01,WEST,MODEL_2,12,36004.85,6.254,13,42351.74230769231,1,6346.892307692309
2025-12-01,WEST,MODEL_3,66,41831.1,4.158,22,46949.66772727273,-44,5118.5677272727335
2025-12-01,WEST,MODEL_4,21,43975.76,5.156,23,42600.279565217395,2,-1375.4804347826066
2025-12-01,WEST,MODEL_5,79,48341.85,4.31,21,42896.69238095238,-58,-5445.157619047619
2025-12-01,WEST,MODEL_6,15,65660.14,4.943,23,45722.290434782604,8,-19937.849565217395
2025-12-01,WEST,MODEL_7,45,34122.96,5.889,33,46318.01303030303,-12,12195.053030303032
2025-12-01,MIDWEST,MODEL_1,45,54567.14,5.939,21,44463.84380952381,-24,-10103.29619047619
2025-12-01,MIDWEST,MODEL_10,31,54883.69,4.868,27,44184.781481481485,-4,-10698.908518518518
2025-12-01,SOUTH,MODEL_10,27,50893.17,6.732,27,44184.781481481485,0,-6708.388518518514
2025-12-01,SOUTH,MODEL_1,41,28702.97,6.746,21,44463.84380952381,-20,15760.873809523808
2025-12-01,SOUTH,MODEL_8,68,50617.99,6.321,23,46355.23739130435,-45,-4262.7526086956495
2025-12-01,WEST,MODEL_9,54,53824.28,4.194,29,42106.91655172414,-25,-11717.363448275857
2025-12-01,EAST,MODEL_1,27,46901.12,6.114,21,44463.84380952381,-6,-2437.2761904761937
2025-12-01,EAST,MODEL_2,26,43372.46,6.896,13,42351.74230769231,-13,-1020.7176923076913
2025-12-01,EAST,MODEL_3,72,58134.25,4.299,22,46949.66772727273,-50,-11184.582272727268
2025-12-01,EAST,MODEL_4,34,37494.13,4.802,23,42600.279565217395,-11,5106.149565217398
2025-12-01,EAST,MODEL_5,35,44179.13,5.47,21,42896.69238095238,-14,-1282.4376190476178
2025-12-01,EAST,MODEL_6,41,41453.9,5.342,23,45722.290434782604,-18,4268.390434782603
2025-12-01,EAST,MODEL_7,28,42174.5,5.249,33,46318.01303030303,5,4143.513030303031
2025-12-01,EAST,MODEL_8,40,42497.31,5.948,23,46355.23739130435,-17,3857.9273913043507
2025-12-01,EAST,MODEL_9,54,52587.19,6.472,29,42106.91655172414,-25,-10480.27344827586
2025-12-01,EAST,MODEL_10,33,54771.38,5.389,27,44184.781481481485,-6,-10586.598518518513
2025-12-01,SOUTH,MODEL_2,44,34826.97,6.707,13,42351.74230769231,-31,7524.772307692307
2025-12-01,SOUTH,MODEL_3,24,45441.72,5.358,22,46949.66772727273,-2,1507.9477272727308
2025-12-01,SOUTH,MODEL_4,75,44184.09,5.531,23,42600.279565217395,-52,-1583.810434782601
2025-12-01,SOUTH,MODEL_5,23,40002.71,5.853,21,42896.69238095238,-2,2893.9823809523805
2025-12-01,SOUTH,MODEL_6,19,37111.66,5.905,23,45722.290434782604,4,8610.6304347826
2025-12-01,SOUTH,MODEL_7,58,40559.75,5.266,33,46318.01303030303,-25,5758.263030303031
2025-12-01,SOUTH,MODEL_9,38,50271.51,4.744,29,42106.91655172414,-9,-8164.59344827586
2025-12-01,WEST,MODEL_10,61,39289.83,6.502,27,44184.781481481485,-34,4894.951481481483
